text,keywords,my_keywords
"За долгие годы «совместной жизни» питомец становится лучшим другом и членом семьи, поэтому каждому заботливому владельцу хочется «продлить век», отведенный с любимым хвостатым.
Так или иначе, со временем хозяин замечает внешние возрастные изменения: уменьшение густоты шерсти, набор веса, снижение активности. Теперь здоровье зверя во многом зависит от вас, и этого не стоит пугаться, ведь простые рекомендации помогут вам обеспечить животному крепкое здоровье и счастливую старость.
Начать стоит с регулярных визитов к врачу. Конечно, клиники, полные людьми в белых халатах, холодными столами и пугающими инструментами,не любит никто, и ваш четвероногий друг, скорее всего, тоже не в восторге от посещения таких заведений, но пренебрегать этим не стоит. Не откладывайте до появления серьезных отклонений, обращайте внимание даже на небольшие изменения, которые могут быть сигналами заболеваний, это относится и к появлению запаха изо рта, потере шерсти, резкому снижению аппетита и веса. Пожилым кошкам и собакам необходим постоянный контроль специалиста, своевременные обследования и строгое соблюдение рекомендаций врача. Помните, предупрежден – значит, вооружен: проводя диспансеризацию хотя бы 2 раза в год, вы будете спокойны за жизнь вашего четвероногого друга.
Если вы убедились в том, что со здоровьем зверя всё в порядке, пришло время подумать об уходе за питомцем. Животные почетного возраста становятся очень чувствительны ко многим вещам, например, к изменению температуры, поэтому избегайте тепловых ударов или, наоборот, переохлаждение вашего любимца – ограничьте время пребывания на улице в плохую погоду. Не позволяйте зверю постоянно лежать и вести малоподвижную жизнь, играйте со своей кошкой или собакой каждый день, иначе у пожилого питомца ослабнут мышцы, а также возрастет риск ожирения. Также животные меньше времени уделяют гигиене, возьмите это на себя: купайте питомца в теплой воде раз в две недели и регулярно вычесывайте, чтобы не допустить колтунов. Если же у вас собака или короткошерстная грациозная хищница, можно собирать лишнюю шерсть массажной рукавицей. Конечно, обеспечить хорошее настроение питомцу тоже очень важно, многим пожилым питомцам требуется повышенное внимание – часто они становятся более ласковыми и готовы быть с любимым хозяином часами, поэтому отведите на это время. Постарайтесь оградить животное от стресса: не оставляйте без присмотра на долгое время, но и не берите в дальнюю поездку, ведь перенести её уже немолодому хищнику будет нелегко.
Еще один фактор, о котором надо задуматься – изменение рациона. Узверя, видавшего жизнь, возрастает риск набора лишнего веса. Эта проблема обусловлена, прежде всего, нарушением пищеварения и изменением гормонального фона и является одной из причин развития различных возрастных патологий. Чтобы избежать этого, необходимо такое меню, которое сохранит полноценное здоровье организма зверя. Оно должно содержать все те полезные вещества, в которых с возрастом животные нуждаются еще сильнее. Например, российские корма BLITZADULTLAMB&RICE и BLITZFORADULTCATS, содержащие оптимальное количество витаминов, минералов и мясных ингредиентов, подойдут для поддержания крепкого здоровья хвостатого друга в почетном возрасте. Также стоит учесть, что низкая калорийность такого меню позволит вам не волноваться о лишнем весе пушистого друга, а это особенно важно.
Помните, в любом возрасте вашему любимцу необходимо особое внимание и забота, и, если вы их обеспечите, ваш питомец будет долго радовать вас крепким здоровьем и отличным настроением","питание собак, собаки, уход за животными",
"Все любители животных обычно делятся на два типа: одни не представляют своей жизни без кошек, а другие без ума от верных псов. Однако есть и те, кто решился поселить в своём доме сразу двух противоположных по характеру питомцев. Как сделать так, чтобы это сожительство не превратилось в большую войну между животными?
О том, что кошки и собаки не уживаются вместе, знает даже маленький ребенок, но не каждый догадывается, что причина такой неприязни  в том, что у этих зверей совершенно разный образ жизни и мировоззрение. Собакам нужно общение и игры, ведь в дикой природе они жили в стаях, тогда как грациозные хвостатые хищницы – существа, которые ценят личное пространство и избегаютконтакта с незнакомыми им животными.Именно поэтому любопытный пёс получит шипение в ответ на свою дружелюбность, и, наверняка, уже не захочет общения с кошкой. Конечно, постоянно наблюдать такое противостояние двоих любимых животных довольно сложно, и каждый хозяин захочет подружить питомцев.
Любовь и взаимное уважение ваших пушистых домочадцев, как ни странно, зависит прежде всего от вас,и,если вы учтете несколько советов и проявите достаточную терпеливость, вам удастся избежать ожесточенной борьбы в вашем доме.  Конечно, такое соседство следует обдумать заранее – лучше всего взять животных, когда они еще совсем малыши, ведь взрослея бок о бок, четвероногие привыкнут друг к другу и станут жить не разлей вода. Если же вы решили найти компанию вашему заскучавшему питомцу, то подружить хищников будет гораздо сложнее, но тоже возможно. Знакомство хвостатых следует проводить, держа животных на безопасном расстоянии, реакцию на нового соседа предугадать сложно, а первый конфликт обычно откладывается в памяти зверя надолго. Учтите, если у одного из ваших любимцев трудный характер, стоитвзять пса на поводок и надеть на него намордник, а кошке обстричь когти. С самого начала займитесь воспитанием, определите, кто в доме хозяин, чтобы исключить борьбу за «власть», которая естественна для животных в их среде обитания. Специалисты советуют дать грациозной усатой хищницевозможность почувствовать превосходство, ведь кошки по своей природе не умеют подчиняться, а собаки, напротив, дружелюбны и легко пойдут на компромисс. Следует также обеспечить каждому зверю личное пространство, у хвостатых должна быть своя зона отдыха,личная миска и игрушки, таким образом животное будет чувствовать себя в безопасности. Постарайтесь обеспечить внимание обоим четвероногим любимцам, чтобы избежать ревности, звери всегда жаждут любви хозяина, поэтому нельзя обделять лаской и заботой ни одного из них. Помните, что внимание должно быть не равным, а достаточным, ведь кошкам не всегда комфортна навязчивость, а некоторые собаки готовы провести с любимым хозяином хоть весь день. Хорошим решением будет придумать совместное времяпрепровождение для домочадцев: прогулки, выезды на природу, игры, где могут участвовать оба зверя. Уже через несколько недель вы увидите, как животные привыкнут друг к другу, начнут проводить всё больше времени вместе, а может быть даже разделят игрушки и место для сна. Не отчаивайтесь, если мир в доме так и не наступил, значит, ваши питомцы слишком сильно любят вас, чтобы смириться с пушистым соседом. В этом случае стоит сделать всё возможное, чтобы животные не конфликтовали и не устраивали военных действий.
Ещё одной сложностью может стать питание. Теперь семья стала больше, а любящий хозяин наверняка хочет, чтобы каждый из его питомцев был вкусно и полезно накормлен. Конечно, есть универсальные корма, которые можно давать как кошкам, так и собакам, но специалисты не рекомендуют такое питание, ведь у хвостатых абсолютно разные потребности в витаминах, минералах и питательных веществах. Подберите корм, созданный специально для вашего любимца, отвечающий его породе и потребностям организма. При планировании рациона можно обратить внимание на российские корма Blitz, которые создаются для кошек и собак разных возрастов и пород и содержат оптимальный баланс животного белка, жиров, углеводов, витаминов и минералов для каждого зверя. Подобрав корм, остаётся только следить, чтобы ваши питомцы лакомились строго из своей тарелки, для этого можно поставить кошачью миску на возвышенность, например, подоконник, там пёс её точно не найдет.
Большая хвостатая семья – это огромная ответственность, но в то же время в два раза больше радости и любви. Крепкой дружбы и здоровья вашим пушистым домочадцам!","кошки, собаки, уход за животными",
"Не секрет, что морской аквариум требует особого внимания и ухода. Поэтому решаться на домашнее море нужно, имея не только желание украсить свой дом экзотическим элементом, но и с пониманием полной ответственности за обитателей аквариума. Но для владельцев таких домашних морей создано немало помощников – специальных химических препаратов для ухода за аквариумом.
При запуске морского аквариума советуют специально готовить воду. В первую очередь, её необходимо дехлорировать с помощью специальных препаратов. Уровня солености воды, оптимального для морской воды в природе, достигают с помощью аквариумной соли промышленного производства. Для нормализации кислотного баланса и создания естественного биологического фона в воду могут быть добавлены цитрат меди, сульфат, специальные средства для повышения уровня кальция, магния, йода. Далее в процессе использования аквариума необходимо регулярно с помощью специальных препаратов измерять минеральные параметры воды в аквариуме и, при необходимости, обогащать её одними веществами и выводить другие.
Не обойтись без химии в непосредственном содержании рыбок и других животных, которые обитают в морском аквариуме. Кроме витаминных комплексов, которыми время от времени нужно баловать живность, в уходе за аквариумом могут понадобиться лекарства для рыбок. Ведь морские обитатели тоже болеют, а те, которые живут в домашнем море – и подавно. Всего одна ошибка в уходе, малейшее нарушение биологического баланса в аквариуме могут привести к болезни. Любое заболевание необходимо лечить без отлагательств, некоторые из них требуют карантинного режима, во время которого в воду необходимо добавлять специальные препараты.
Отдельного разговора требует серия препаратов по уходу за аквариумными растениями. Почва, в которую они высаживаются, нуждается в удобрении. Препараты для каждого вида растений отличаются друг от друга по минеральному составу. Некоторые из них направлены на развитие лиственной зелени, иные – питают кустистые растения для аквариума и т.д. При этом, удобрения могут менять биологический баланс водной системы, что снова может потребовать регуляции всех минерального состава. Поэтому покупая такую химию, хорошо посоветуйтесь с опытными аквариумистами.
Для кораллов (а они встречаются в большинстве морских аквариумов) тоже существует своеобразное удобрение – специальные комплексы, которые способствую укреплению скелета, красивому, яркому и насыщенному цвету.","ветеринарное оборудование, зоомагазины, товары для животных",рыбки
"С наступлением холодов, простуда может появляться не только у людей. В осенне-зимний период практически каждая ветеринарная клиника полна четвероногих заболевших. К сожалению, они не могут рассказать, как им плохо – с красным горлом и заложенным носом, да ещё и высокой температурой. В этой статье мы поговорим о том, как распознать и вылечить простуду у кошек.  
Самые внимательные хозяева смогут определить смену поведения животного – из активного и подвижного оно превращается в грустное и сонливое, вялое. Кроме того, основным показателем состояния здоровья кошки является её нос.
Если с животным все хорошо – он мокрый и холодный, а вот при простуде и иных проблемах – горячий и сухой. Благодаря слою слизи, кошка лучше получает информацию о запах, а без нее – теряет аппетит.
Это естесственная защитная плёнка в нормальном состоянии предотвращает попадание внутрь вредных микроорганизмов. При обезвоживании в дыхательные пути попадают бактерии, в результате чего состояние может значительно усугубиться. Итак, есть несколько «маячков», которые свидетельствуют о простуде кошки – это сухой тёплый нос, горячие уши, чихание, апатичное поведение, слезотечение, отсутствие аппетита.  Как только вы обратили внимание на какой-либо из них или обнаружили, что присутствуют сразу все – простуда добралась до вашего питомца. Несмотря на теплую «шубку» кошки, низкая температура может проникнуть и сквозь нее, особенно если находиться длительное время на холоде или в сырости. Однако, не переживайте – люди не могут заразить или заразиться от кошек. С приходом осени и наступлением первых морозов, оградите питомца от прогулок, особенно, если это короткошёрстные или «лысые» породы. А если без улицы не обойтись, позаботьтесь о тёплой одежде и даже башмачках. Кстати, сфинксов нужно укутывать даже в домашних условиях, если открыт балкон или окна, и гуляют сквозняки. Постоянное проветривание может больше навредить, чем принести пользы.  Когда температура снаружи и внутри помещений ниже обычного, избегайте водных процедур – лучше перенести на другое время купание кошки. Но, как говорится, легче предотвратить, чем лечить. А потому помните о профилактических мероприятиях, которые позволят укрепить иммунитет любимого питомца. Введите в рацион дополнительные витаминные биологически активные добавки, свежие продукты – мясо, рыбу, молоко, сметану.  Но если кошка заболела, вам поможет ветеринарная помощь на дому  — врач выпишет необходимые лекарства, которые быстро поставят ее «на лапки».","ветеринария, ветеринарное оборудование, уход за животными",
"Многие люди, увидев милого пушистого малыша-зайку в зоомагазине, покупают его в порыве, полагая, что кролик станет прекрасным питомцем. Возможно, это так. Но, может оказаться, что кролик не самый лучший выбор.
Перед тем как решиться на покупку кролика, следует знать следующее:
Кролики живут от пяти лет и больше, в отличие от мышей, срок жизни которых составляет несколько лет. Кролику нужен хороший дом и много внимания на протяжении всей жизни. Продукты жизнедеятельности кроликов имеют сильный и неприятный запах, поэтому необходима хорошая вентиляция и регулярная уборка экскрементов. Кролики плохо уживаются с другими животными, главным образом из-за того что они находятся в самом низу пищевой цепочки. Ни в коем случае нельзя оставлять кроликов наедине с собакой или кошкой. Даже если они вместе смотрятся вполне дружелюбно, требуется всего лишь секунда, чтобы собака перегрызла кролику шею. Даже маленькая собака может убить кролика, вне зависимости от его размеров. Клетку с кроликом не следует оставлять в пределах досягаемости собаки или кошки, это опасно.
Кролику нужно внимание. Они не любят просто сидеть в клетке и ничего не делать. Вам наверняка это не понравится, так почему же это должно понравиться кролику? Для счастья кроликам требуются игрушки и контакт с человеком.
Найти хорошего ветеринара для кролика непросто. Многие врачи прекрасно разбираются в кошках и собаках, но мало знают о кроликах. Некоторые препараты, помогающие кошкам и собакам, для кроликов могут стать смертельно опасными, например Clindamycin, Moxicillin, Lincomycin. К тому же, услуги ветеринара для кроликов зачастую очень дороги, поскольку врачи классифицируют кроликов как экзотических животных, даже несмотря на то, что это очень популярные домашние животные.
Кролики нуждаются в качественном питании. Они не могут всю жизнь жить на морковке и салате. По большому счету, их вообще не стоит кормить размороженными овощами, поскольку они могут вызвать проблемы пищеварения. Если ваш питомец – крольчиха, то ее лучше стерилизовать во избежание нежелательной беременности и для предотвращения рака матки, который нередок у кроликов. Некоторые кролики метят свою территорию мочой. Стерилизация, как правило, помогает решить эту проблему, но важно успеть провести процедуру до того, как кролик начал метить.
Кролики не терпят прямого солнечного света и высокой температуры. При правильном уходе и принятых мерах предосторожности, для них предпочтительнее холод, но тепло и солнечный свет губительны. Лучшее место для кролика – в доме, с вами.
Некоторые кролики могут быть приучены к лотку, но будьте готовы к тому, что многие кролики так никогда этому и не научатся. Даже те, кто научатся, тем не менее, все равно будут время от времени ходить в туалет мимо лотка, так что приготовьтесь убирать.
Многие кролики с возрастом меняют свой темперамент. Повзрослев, малыш-кролик может стать гормональным террористом. Разумно приобретать кролика в возрасте не менее трех, а лучше четырех месяцев. Кролики половозрелы к шести месяцам, за исключением кроликов крупных пород, которые достигают половой зрелости к восьми месяцам. Кролики любят жевать и копать, и если вы не примете надлежащих мер, они могут причинить ущерб вашему имуществу.",грызуны,
"Закупка шиншилл фермерским профессиональным хозяйством производится лишь в известных питомниках и лишь у профессиональных заводчиков. А вот шкурки грызунов закупаются и у частных производителей. При этом ценится мех животных, которые не склонны к сезонной линьке и не пахнут дурно. Активным партнёрам фермерское хозяйство гарантирует долгосрочное сотрудничество в случае заключения соответствующего договора с ними. Гарантируется также организацией и содействие по содержанию и разведению зверьков. Основа шиншиллового бизнеса – это качество племенных особей, которое готово обеспечить собственным партнёрам крестьянское хозяйство. Частники при этом получают гарантированный успех в ведении собственного престижного бизнеса.
Чтобы содержать животное, выбранное в качестве забавного домашнего питомца или с целью разведения, понадобится клетка для шиншиллы. Чем большими окажутся её размеры, тем для зверушки будет лучше. Расстояние между прутьями не должно превышать двух сантиметров, дабы грызун не проник за положенную территорию. Клетка зверька обязана содержать полки. Из ДСП полки применять строго запрещено. Дверца клетки должна надёжно закрываться, чтобы у шиншиллы не было возможности выбраться из своего домишки самостоятельно. Там, где содержатся шиншиллы, всегда должен быть свежим воздух. Не должно быть сквозняков, а влажность воздуха не должна превышать семидесяти процентов. Оптимальным температурным режимом для помещения, в котором обитают шиншиллы, является температура в параметрах от пяти до двадцати пяти градусов, лучше всего, если она будет колебаться в пределах восемнадцати-двадцати градусов Цельсия.
Клетки с животными нельзя устанавливать около батарей парового отопления, а также на том месте, куда обильно проникают солнечные лучи. Сайт, созданный такой структурой, как шиншилловая ферма, подробно рассказывает о параметрах и достоинствах животных данного вида, о методах их спаривания и приводит примеры правильного содержания зверушек, способных обогатить собственных владельцев при надлежащих заботе и уходе за собой.
Мех шиншилл настолько ценен, что из него производят такие популярные в народе изделия, как тапочки, варежки, перчатки. Их окантовывают ценным мехом, способным долгое время хранить тепло. У модниц особой популярностью пользуются горжетки и шарфы из шиншиллового меха.","грызуны, животноводство",
"Попугаи – одни из самых любимых домашних животных, кормить их следует специальным кормом для попугаев. И как любое живое существо, они могут и способны общаться. Если вы готовы, уделять определенное время каждый день своему любимцу, если вы терпеливы, то вам вполне под силу научить его человеческой речи. Обучению поддаются такие виды попугаев, как: волнистые, ожереловые, жако, какаду, лори, амазоны.
Процесс обучения следует начинать с двухмесячного возраста. Пернатый к этому времени должен уже быть приученным, доверять владельцу.
Процессом обучения должен заниматься один и тот же человек. Желательно, чтобы это был человек, к которому птичка испытывает доверие, который проводит с ней достаточно много времени. Для начала стоит изолировать комнату в которой находится клетка для птиц от отвлекающих звуков. Обучение — дело серьезное и требует концентрации внимания.
Попугайчик двигает головой, часто моргает, осуществляет попытки к имитации услышанного — признаки полного вовлечения в процесс обучения. Заниматься следует каждый день в одно и то же время. Желательно утром. Продолжительность занятий – 15 минут. Если есть время, можно раз в неделю проводить занятие и вечером, длительностью в полчаса.
Начинать обучение необходимо с простых, легко запоминающихся слов. Каждое утро, перед завтраком попугая, необходимо достаточно громко и четко произносить желаемое слово, к примеру, имя пернатого. Изучаемые слова должны быть приличными, а также уместными, то есть, их необходимо согласовывать с действиями. К примеру, при входе в комнату, каждый раз произносите «привет», при выходе – «пока». Если обучать по такому методу, птичка будет не только говорить, она будет выговаривать слова к месту. Со стороны такой попугай будет выглядеть умным и находчивым.
Способные к обучению домашние попугаи достаточно быстро усваивают услышанные слова. А чтобы они также быстро их выговаривали и запоминали, необходимо регулярно проводить занятия, систематически развивать и совершенствовать навыки, закреплять в памяти как новый, так и пройденный материал.
И совсем это не сложно. Просто следует раз хорошенько подумать и составить план обучения, в который внести перечень слов, которые следует выучить, расписать время: пять минут на повтор предыдущих, пять минут на новые слова, а пять минут просто мило воркочем в форме диалога.
Занятия можно записать на диктофон. При таком способе обучения следует помнить, что воспроизведение записи стоит осуществлять лишь тогда, когда вы с попугаем находитесь в одной комнате, а то попугайчик полюбит вести монологи в гордом одиночестве. Поскольку живое общение предпочтительнее, диктофон лучше использовать в крайних случаях. И помните все тренировочные процессы лучше всего производить вместе с кормом для птиц или любимыми лакомствами вашего питомца, тогда занятия будут эффективными и ваш питомец будет соглашаться на них с удовольствием.","попугаи, уход за животными",
"Фосфор входит в состав опорной ткани, сложных белков, жиров и углеводов. Из минеральных веществ это второй после поваренной соли элемент, в котором больше всего нуждаются животные. Активность фосфора в организме животного очень велика. С его участием протекают более десяти различных функций организма. Этот элемент содержится в каждой живой клетке. Он связан с межуточным обменом углеводов, сокращением мышц и процессами выведения кальция из организма.
Фосфор — активный катализатор и стимулятор эффективного использования корма в организме. Он участвует во всасывании, транспортировке и обмене органических питательных веществ в организме, а также в делении клеток и в ростовых процессах. Он в значительной степени влияет на качество мяса (мясо бычков, выращенных на рационах с высоким содержанием фосфора, ароматнее, нежнее, сочнее). При подкормке коров фосфатами в стойловый период снижается яловость, телята рождаются крепкие и крупные. Содержание этого макроэлемента в организме животного зависит от его количества в рационе и усвояемости.
Недостаток этого элемента в рационах животных вызывает у них ухудшение общего состояния, извращенный аппетит и костные заболевания (рахит, остеомаляция). При хроническом недостатке наблюдается нарушение обмена веществ, снижение продуктивности, плодовитости, увеличения яловости. Фосфорное голодание обычно завершается снижением способности организма усваивать корм. При этом ухудшаются упитанность и здоровье животных. Обмен энергии, лежащий в основе жизнедеятельности организма животного, невозможен без участия фосфорной кислоты. Фосфор в организме животных находится в виде неорганических и органо-минеральных соединений, но независимо от их формы используется как пластический материал для построения органов и тканей тела.
В желудок и кишечник большое количество фосфора поступает со слюной, а также через стенки пищеварительного тракта. У взрослых жвачных животных рубцовая секреция фосфора составляет до 88%. У молодняка (телята, ягнята), получающего главным образом молочные корма, в желудок поступает меньше фосфора. У жвачных в содержимом книжки и сычуга его значительно больше, чем в кишечнике. Это свидетельствует о том, что для нормальных процессов пищеварения в желудке требуется его повышенное содержание. В присутствии солей фосфорной кислоты заметно ускоряется всасывание аминокислот из кишечника. Он оказывает положительное влияние на усвоение молодняком крупного рогатого скота при скармливании синтетических азотсодержащих препаратов.
Фосфор играет особую роль в пищеварении жвачных. Микрофлора рубца постоянно нуждается в этом элементе. Установлено, что чем меньше поступает фосфора с кормом, тем больше его поступает в пищеварительный аппарат из запасов организма. Выделение фосфора из организма животных крупного рогатого скота зависит от возраста — у молодых через почки с мочой, у молодняка с 18-месячного возраста в основном через кишечник (99%). Такая же закономерность выделения фосфора с возрастом у овец и свиней. С увеличением потребления с растительными кормами возрастает его выделение через кишечник: усиливаются секреторные и экскреторные функции кишечника, что имеет огромное значение не только для нормального процесса пищеварения, но и для регулирования кислотно-щелочного равновесия в организме. Минерализация и развитие скелета домашних животных происходят при обязательном участии фосфора. При его недостатке в рационе снижается усвоение кальция, развивается рахит.",,
"Сибирский хаски – собаки среднего размера с густой шерстью и крепким телосложением, с характерным и  узнаваемым «волчьим» экстерьером, довольно-таки устрашающим на первый взгляд. Несмотря на это, хаски любопытны, дружелюбны, и от природы наделены добрым нравом. Как правило, не проявляют к агрессии по отношению к человеку, из-за чего практически не для использования в качестве сторожевых, охранных или охотничьих собак.
По одной из версий, название породы — «хаски» считается произошедшим от «эски» — эскимосы, на жаргоне. Родиной эскимосского хаски является Гренландия. «Хаски» называли всех ездовых собак с похожим внешним видом – густая шерсть, крепкое телосложение, острая морда, стоячие уши.  Считается, что сибирские хаски выведены чукчами, жителями северо-восточной Сибири, и термин «сибирские» — как раз и начали  применять для отличия от эскимосских собак.
Хаски от природы наделены крепким здоровьем и не требуют специального ухода. Стандартный для любых собак уход за ушами, глазами, зубами, ногтями, периодическое купание и чистка, вычесывание в период сезонной линьки. Собака чистоплотная, шкура и подшерсток, как правило, без запаха.
Хаски Сибирские (как и аляскинские хаски, от них произошедшие, а также самоеды, гренландские собаки, маламуты) известны как выносливые и неутомимые гоночные собаки. Они активны и очень подвижны. Для поддержания хорошей физической формы заводчики рекомендуют обязательные регулярные и серьезные физические нагрузки, частые прогулки на свежем воздухе. Содержать собаку этой породы предпочтительней в просторном вольере на приусадебном участке, нежели в тесной городской квартире. Хаски неплохо карабкаются, они способны перелазить через недостаточно высокие ограждения и заборы, могут убежать и потеряться.
Многие владельцы хаски не выгуливают собаку без поводка, поскольку уже столкнулись с тем, что их питомец просто удрал, почуяв свободу. Для того, чтобы этого не происходило, собаку нужно воспитывать с раннего возраста. Методы воспитания хаски зачастую прямо противоположны методам, применяемым для дрессировки служебных собак и подробно описаны профессиональными заводчиками.","породы собак, собаки, уход за животными",
"Карликовый немецкий шпиц — это тот самый милый комочек пуха, напоминающий маленькую лисичку. Другое известное название этой породый — Померанский шпиц или Помпон. Ну как здесь удержаться разным знаменитостям и не украсить себя этими милыми помпончиками. Но следует помнить, что шпиц — это все-таки собака, а не мягкая игрушка.
Каждому владельцу такой зверушки, безусловно, хотелось бы чтобы их питомец был всегда здоров и весел.
По сравнению с другими породам собак, у немецких карликовых шпицев не так уж и много «профессиональных» болячек. Собаки этой породы не требуют специального ухода.
Наиболее часто встречающаяся проблема со здоровьем у шпицев это больные зубы. Разрушение или выпадение зубов может привести к тому, что собака не сможет употреблять пищу. Употребление в пищу твердых собачьих кормов может помочь в укреплении зубов и десен, однако многие заводчики совершают ошибку, составляя рацион шпицев исключительно из мягких кормов. Кроме того, следует регулярно ухаживать за полостью рта чтобы избежать кариеса.
Грязь и мусор в глазах и ушах может стать причиной различных заболеваний, поэтому чистка ушной раковины и глаз должна производиться регулярно, желательно каждый день. Шпицы любят гулять, но и как большинство маленьких собак, быстро устают из-зп своих коротких лапок. Следует избегать переутомления собаки, ограничивая время прогулок.
Карликовый немецкий шпиц нуждается в регулярном расчесывании, поскольку его шерсть длинная и быстро сваливается. Купать собаку следует по мере необходимости, используя средства по уходу за шерстью.
Как и другие собаки, карликовые шпицы могут иметь проблемы со здоровьем, такие как кожные заболевания, аллергии, инфекции, паразиты. Следует не затягивать с визитом к ветеринару, который сможет подобрать правильный курс лечения, уход и диету.","породы собак, собаки, уход за животными",
"Изучая разновидности пород кошек, мы явно понимаем, что любим старую добрую Великобританию не только за традицию чаепития, качественную одежду и духи, модные аксессуары, но и за прекрасный вид британских котят, которые напоминают нам плюшевые игрушки.
Завоевание сердец и покорение душ большинства людей британский котенок совершил уже довольно давно, не прилагая особых усилий. Но до нашей страны знание о данной породе дошло по нынешним меркам недавно, и было связано с вхождением в моду кошечек с короткой шерстью. Если сначала из-за границы привозили британских котят только по специальному заказу, то с появлением сумасшедшего спроса на них стало актуальным организовывать питомники британских кошек.
На сегодняшний день рождение британских котят происходит непосредственно на территории Российской Федерации, здесь же котята находят своих покровителей. Специализированный питомник британских кошек осуществляет разведение исключительно короткошерстных кошек чистой породы. Но нет правил, из которых не было бы исключений. Бывает, что после длительного изучения генетических особенностей и неких экспериментов получаются и вариации породы. Но основной задачей питомника британских кошек остается обеспечение передачи признаков породы из поколения в поколение.
Британский котенок может быть разнообразным, например лиловым, шоколадным или черным. Но наш питомник разводит котят только голубого окраса. Считается, что структура плюша наилучшим образом проявляет себя у представителей породы голубого цвета.
Британский котенок наделен неагрессивным и спокойным нравом. Он независим и не очень любит проявлять свои эмоции. Позволяет гладить себя, ласкать, но не терпит излишней фамильярности (например, детского излишнего тисканья). Он любит всех членов семьи, но выбирает себе хозяина, которому предан, и следует за ним везде.
Его ум и интеллект поражают, а также позволяют ему выгодно выделяться на фоне представителей других пород. Единожды увидев, где его лоток с наполнителем, он не позволит себе «нашкодить» в другом месте. Британские котята обладают крепким здоровьем и сильным иммунитетом, могут ловко и проворно перемещаться в пространстве, несмотря на крупные габариты тела.
Купить британского котенка может каждый. Но тот, кто решится на этот шаг, обретет для себя верного и преданного друга.","кошки, питомники кошек, породы кошек",